image,label
Img/img061-030.png,y
Img/img031-025.png,U
Img/img023-004.png,M
Img/img053-015.png,q
Img/img019-005.png,I
Img/img009-025.png,8
Img/img021-006.png,K
Img/img050-049.png,n
Img/img062-019.png,z
Img/img045-032.png,i
Img/img038-025.png,b
Img/img043-004.png,g
Img/img004-048.png,3
Img/img061-003.png,y
Img/img017-021.png,G
Img/img023-017.png,M
Img/img023-023.png,M
Img/img014-027.png,D
Img/img055-035.png,s
Img/img056-054.png,t
Img/img031-028.png,U
Img/img010-015.png,9
Img/img011-048.png,A
Img/img029-014.png,S
Img/img018-047.png,H
Img/img045-005.png,i
Img/img055-039.png,s
Img/img010-024.png,9
Img/img020-053.png,J
Img/img014-053.png,D
Img/img041-031.png,e
Img/img003-014.png,2
Img/img028-053.png,R
Img/img020-013.png,J
Img/img015-050.png,E
Img/img002-046.png,1
Img/img062-013.png,z
Img/img058-020.png,v
Img/img048-024.png,l
Img/img055-017.png,s
Img/img035-053.png,Y
Img/img046-051.png,j
Img/img050-038.png,n
Img/img027-032.png,Q
Img/img049-005.png,m
Img/img018-048.png,H
Img/img009-017.png,8
Img/img049-049.png,m
Img/img007-052.png,6
Img/img058-048.png,v
Img/img051-016.png,o
Img/img046-033.png,j
Img/img019-021.png,I
Img/img022-021.png,L
Img/img059-038.png,w
Img/img013-003.png,C
Img/img057-014.png,u
Img/img025-001.png,O
Img/img034-032.png,X
Img/img059-022.png,w
Img/img048-019.png,l
Img/img032-031.png,V
Img/img016-021.png,F
Img/img010-048.png,9
Img/img059-034.png,w
Img/img040-039.png,d
Img/img037-041.png,a
Img/img042-044.png,f
Img/img055-040.png,s
Img/img035-033.png,Y
Img/img034-004.png,X
Img/img039-037.png,c
Img/img020-004.png,J
Img/img045-011.png,i
Img/img023-027.png,M
Img/img031-045.png,U
Img/img028-007.png,R
Img/img005-018.png,4
Img/img021-007.png,K
Img/img033-001.png,W
Img/img041-033.png,e
Img/img043-030.png,g
Img/img003-054.png,2
Img/img025-037.png,O
Img/img005-033.png,4
Img/img040-035.png,d
Img/img037-052.png,a
Img/img017-051.png,G
Img/img028-013.png,R
Img/img033-019.png,W
Img/img028-049.png,R
Img/img053-025.png,q
Img/img042-034.png,f
Img/img033-018.png,W
Img/img046-045.png,j
Img/img020-046.png,J
Img/img050-030.png,n
Img/img011-044.png,A
Img/img013-018.png,C
Img/img001-042.png,0
Img/img022-042.png,L
Img/img027-054.png,Q
Img/img059-015.png,w
Img/img005-024.png,4
Img/img021-025.png,K
Img/img025-055.png,O
Img/img025-031.png,O
Img/img021-052.png,K
Img/img005-042.png,4
Img/img022-019.png,L
Img/img016-010.png,F
Img/img051-032.png,o
Img/img026-052.png,P
Img/img044-032.png,h
Img/img022-027.png,L
Img/img007-011.png,6
Img/img034-028.png,X
Img/img014-034.png,D
Img/img056-050.png,t
Img/img009-041.png,8
Img/img023-013.png,M
Img/img046-014.png,j
Img/img030-053.png,T
Img/img015-014.png,E
Img/img054-015.png,r
Img/img041-042.png,e
Img/img050-046.png,n
Img/img029-047.png,S
Img/img041-037.png,e
Img/img024-006.png,N
Img/img026-051.png,P
Img/img041-055.png,e
Img/img044-055.png,h
Img/img025-004.png,O
Img/img059-016.png,w
Img/img021-028.png,K
Img/img012-022.png,B
Img/img007-018.png,6
Img/img048-009.png,l
Img/img029-053.png,S
Img/img018-045.png,H
Img/img054-028.png,r
Img/img045-028.png,i
Img/img017-032.png,G
Img/img044-023.png,h
Img/img012-028.png,B
Img/img030-015.png,T
Img/img009-006.png,8
Img/img012-013.png,B
Img/img049-016.png,m
Img/img026-024.png,P
Img/img037-001.png,a
Img/img032-039.png,V
Img/img055-041.png,s
Img/img023-022.png,M
Img/img057-045.png,u
Img/img007-024.png,6
Img/img012-009.png,B
Img/img033-044.png,W
Img/img036-033.png,Z
Img/img032-044.png,V
Img/img040-019.png,d
Img/img002-003.png,1
Img/img028-018.png,R
Img/img031-053.png,U
Img/img046-027.png,j
Img/img053-027.png,q
Img/img039-055.png,c
Img/img036-016.png,Z
Img/img040-020.png,d
Img/img026-028.png,P
Img/img046-016.png,j
Img/img053-021.png,q
Img/img011-011.png,A
Img/img013-048.png,C
Img/img050-036.png,n
Img/img008-040.png,7
Img/img020-049.png,J
Img/img012-043.png,B
Img/img002-018.png,1
Img/img040-052.png,d
Img/img026-017.png,P
Img/img024-007.png,N
Img/img019-016.png,I
Img/img012-016.png,B
Img/img026-025.png,P
Img/img044-039.png,h
Img/img011-004.png,A
Img/img059-025.png,w
Img/img056-008.png,t
Img/img049-029.png,m
Img/img019-009.png,I
Img/img030-007.png,T
Img/img033-048.png,W
Img/img039-035.png,c
Img/img057-044.png,u
Img/img062-037.png,z
Img/img035-052.png,Y
Img/img009-001.png,8
Img/img010-014.png,9
Img/img021-001.png,K
Img/img011-040.png,A
Img/img045-040.png,i
Img/img012-045.png,B
Img/img057-031.png,u
Img/img036-001.png,Z
Img/img036-023.png,Z
Img/img029-043.png,S
Img/img060-051.png,x
Img/img013-001.png,C
Img/img012-026.png,B
Img/img030-048.png,T
Img/img034-025.png,X
Img/img009-043.png,8
Img/img027-033.png,Q
Img/img054-001.png,r
Img/img027-002.png,Q
Img/img044-014.png,h
Img/img041-009.png,e
Img/img037-037.png,a
Img/img016-032.png,F
Img/img023-016.png,M
Img/img022-036.png,L
Img/img035-028.png,Y
Img/img010-036.png,9
Img/img049-048.png,m
Img/img001-050.png,0
Img/img016-034.png,F
Img/img030-027.png,T
Img/img020-028.png,J
Img/img014-005.png,D
Img/img036-037.png,Z
Img/img031-026.png,U
Img/img047-033.png,k
Img/img062-042.png,z
Img/img035-040.png,Y
Img/img053-008.png,q
Img/img031-035.png,U
Img/img047-014.png,k
Img/img026-004.png,P
Img/img031-032.png,U
Img/img043-039.png,g
Img/img030-029.png,T
Img/img044-003.png,h
Img/img024-051.png,N
Img/img045-022.png,i
Img/img022-041.png,L
Img/img028-014.png,R
Img/img055-022.png,s
Img/img043-007.png,g
Img/img006-023.png,5
Img/img029-019.png,S
Img/img023-055.png,M
Img/img035-055.png,Y
Img/img018-024.png,H
Img/img029-012.png,S
Img/img057-049.png,u
Img/img026-050.png,P
Img/img038-023.png,b
Img/img007-020.png,6
Img/img058-039.png,v
Img/img012-039.png,B
Img/img054-022.png,r
Img/img028-025.png,R
Img/img013-010.png,C
Img/img030-030.png,T
Img/img051-046.png,o
Img/img025-025.png,O
Img/img022-025.png,L
Img/img039-041.png,c
Img/img059-033.png,w
Img/img050-003.png,n
Img/img051-055.png,o
Img/img037-024.png,a
Img/img015-017.png,E
Img/img056-040.png,t
Img/img003-031.png,2
Img/img015-019.png,E
Img/img048-018.png,l
Img/img043-005.png,g
Img/img013-055.png,C
Img/img047-044.png,k
Img/img041-030.png,e
Img/img044-042.png,h
Img/img028-051.png,R
Img/img048-004.png,l
Img/img026-032.png,P
Img/img012-014.png,B
Img/img008-022.png,7
Img/img039-015.png,c
Img/img033-004.png,W
Img/img026-021.png,P
Img/img028-010.png,R
Img/img038-030.png,b
Img/img010-003.png,9
Img/img007-013.png,6
Img/img041-016.png,e
Img/img047-053.png,k
Img/img015-013.png,E
Img/img035-038.png,Y
Img/img027-021.png,Q
Img/img006-029.png,5
Img/img051-038.png,o
Img/img039-014.png,c
Img/img013-005.png,C
Img/img022-023.png,L
Img/img023-035.png,M
Img/img040-024.png,d
Img/img043-035.png,g
Img/img034-055.png,X
Img/img035-036.png,Y
Img/img002-030.png,1
Img/img050-047.png,n
Img/img018-007.png,H
Img/img018-027.png,H
Img/img016-017.png,F
Img/img032-042.png,V
Img/img050-006.png,n
Img/img031-017.png,U
Img/img059-044.png,w
Img/img043-041.png,g
Img/img006-016.png,5
Img/img060-037.png,x
Img/img027-030.png,Q
Img/img011-055.png,A
Img/img043-013.png,g
Img/img017-037.png,G
Img/img030-032.png,T
Img/img038-053.png,b
Img/img020-055.png,J
Img/img020-044.png,J
Img/img044-030.png,h
Img/img052-023.png,p
Img/img015-052.png,E
Img/img059-031.png,w
Img/img051-052.png,o
Img/img024-038.png,N
Img/img019-011.png,I
Img/img044-013.png,h
Img/img001-019.png,0
Img/img009-054.png,8
Img/img021-026.png,K
Img/img039-010.png,c
Img/img029-048.png,S
Img/img039-003.png,c
Img/img038-035.png,b
Img/img052-006.png,p
Img/img037-029.png,a
Img/img034-053.png,X
Img/img013-028.png,C
Img/img047-047.png,k
Img/img030-019.png,T
Img/img056-001.png,t
Img/img033-025.png,W
Img/img019-020.png,I
Img/img053-054.png,q
Img/img007-031.png,6
Img/img053-047.png,q
Img/img057-035.png,u
Img/img044-015.png,h
Img/img024-046.png,N
Img/img031-003.png,U
Img/img027-017.png,Q
Img/img039-018.png,c
Img/img038-012.png,b
Img/img007-015.png,6
Img/img018-052.png,H
Img/img031-001.png,U
Img/img014-029.png,D
Img/img046-006.png,j
Img/img059-007.png,w
Img/img003-004.png,2
Img/img026-046.png,P
Img/img023-032.png,M
Img/img021-043.png,K
Img/img057-032.png,u
Img/img023-007.png,M
Img/img022-044.png,L
Img/img002-031.png,1
Img/img043-042.png,g
Img/img026-007.png,P
Img/img029-026.png,S
Img/img013-009.png,C
Img/img019-025.png,I
Img/img003-019.png,2
Img/img025-045.png,O
Img/img050-002.png,n
Img/img039-008.png,c
Img/img017-012.png,G
Img/img048-044.png,l
Img/img025-040.png,O
Img/img006-033.png,5
Img/img007-054.png,6
Img/img003-041.png,2
Img/img024-053.png,N
Img/img049-018.png,m
Img/img041-034.png,e
Img/img008-042.png,7
Img/img009-055.png,8
Img/img022-053.png,L
Img/img034-012.png,X
Img/img062-020.png,z
Img/img022-054.png,L
Img/img048-023.png,l
Img/img051-010.png,o
Img/img046-032.png,j
Img/img027-026.png,Q
Img/img023-030.png,M
Img/img039-028.png,c
Img/img031-048.png,U
Img/img006-001.png,5
Img/img009-050.png,8
Img/img029-045.png,S
Img/img023-020.png,M
Img/img013-031.png,C
Img/img032-016.png,V
Img/img047-031.png,k
Img/img028-022.png,R
Img/img032-009.png,V
Img/img046-040.png,j
Img/img044-006.png,h
Img/img020-014.png,J
Img/img003-009.png,2
Img/img019-035.png,I
Img/img032-048.png,V
Img/img006-007.png,5
Img/img036-029.png,Z
Img/img024-052.png,N
Img/img049-015.png,m
Img/img018-034.png,H
Img/img028-026.png,R
Img/img032-019.png,V
Img/img035-035.png,Y
Img/img012-015.png,B
Img/img051-051.png,o
Img/img003-046.png,2
Img/img006-030.png,5
Img/img045-004.png,i
Img/img053-041.png,q
Img/img033-024.png,W
Img/img036-047.png,Z
Img/img047-022.png,k
Img/img024-043.png,N
Img/img042-008.png,f
Img/img011-026.png,A
Img/img048-006.png,l
Img/img054-011.png,r
Img/img055-015.png,s
Img/img024-035.png,N
Img/img044-037.png,h
Img/img032-022.png,V
Img/img053-009.png,q
Img/img029-013.png,S
Img/img016-019.png,F
Img/img044-002.png,h
Img/img005-050.png,4
Img/img012-025.png,B
Img/img019-044.png,I
Img/img037-026.png,a
Img/img006-012.png,5
Img/img025-007.png,O
Img/img053-039.png,q
Img/img006-026.png,5
Img/img033-016.png,W
Img/img027-018.png,Q
Img/img027-043.png,Q
Img/img045-007.png,i
Img/img039-023.png,c
Img/img032-017.png,V
Img/img002-011.png,1
Img/img047-001.png,k
Img/img017-011.png,G
Img/img044-050.png,h
Img/img054-051.png,r
Img/img044-008.png,h
Img/img030-006.png,T
Img/img005-011.png,4
Img/img010-009.png,9
Img/img029-049.png,S
Img/img036-027.png,Z
Img/img044-018.png,h
Img/img030-018.png,T
Img/img019-015.png,I
Img/img016-012.png,F
Img/img037-035.png,a
Img/img007-045.png,6
Img/img062-049.png,z
Img/img044-043.png,h
Img/img046-053.png,j
Img/img018-005.png,H
Img/img025-002.png,O
Img/img046-012.png,j
Img/img014-037.png,D
Img/img002-045.png,1
Img/img056-013.png,t
Img/img016-042.png,F
Img/img017-031.png,G
Img/img037-006.png,a
Img/img010-035.png,9
Img/img023-051.png,M
Img/img039-004.png,c
Img/img012-032.png,B
Img/img024-005.png,N
Img/img004-021.png,3
Img/img040-003.png,d
Img/img029-041.png,S
Img/img034-021.png,X
Img/img017-052.png,G
Img/img027-012.png,Q
Img/img033-049.png,W
Img/img061-049.png,y
Img/img034-011.png,X
Img/img050-031.png,n
Img/img024-009.png,N
Img/img043-050.png,g
Img/img012-003.png,B
Img/img033-008.png,W
Img/img003-042.png,2
Img/img049-037.png,m
Img/img052-053.png,p
Img/img032-035.png,V
Img/img045-023.png,i
Img/img014-017.png,D
Img/img047-021.png,k
Img/img047-054.png,k
Img/img057-024.png,u
Img/img001-024.png,0
Img/img053-006.png,q
Img/img003-049.png,2
Img/img016-037.png,F
Img/img061-035.png,y
Img/img017-023.png,G
Img/img035-003.png,Y
Img/img023-021.png,M
Img/img062-004.png,z
Img/img009-005.png,8
Img/img061-040.png,y
Img/img014-040.png,D
Img/img017-044.png,G
Img/img062-022.png,z
Img/img044-035.png,h
Img/img006-037.png,5
Img/img026-001.png,P
Img/img010-054.png,9
Img/img043-036.png,g
Img/img041-039.png,e
Img/img006-032.png,5
Img/img006-013.png,5
Img/img013-035.png,C
Img/img006-034.png,5
Img/img048-054.png,l
Img/img040-026.png,d
Img/img014-035.png,D
Img/img035-007.png,Y
Img/img032-032.png,V
Img/img046-013.png,j
Img/img058-042.png,v
Img/img036-025.png,Z
Img/img017-029.png,G
Img/img032-013.png,V
Img/img002-032.png,1
Img/img050-008.png,n
Img/img040-010.png,d
Img/img052-026.png,p
Img/img018-036.png,H
Img/img001-014.png,0
Img/img016-049.png,F
Img/img015-039.png,E
Img/img054-039.png,r
Img/img010-020.png,9
Img/img053-005.png,q
Img/img008-025.png,7
Img/img041-028.png,e
Img/img025-018.png,O
Img/img026-039.png,P
Img/img047-046.png,k
Img/img032-010.png,V
Img/img037-044.png,a
Img/img033-007.png,W
Img/img051-015.png,o
Img/img007-053.png,6
Img/img038-019.png,b
Img/img046-021.png,j
Img/img030-014.png,T
Img/img032-041.png,V
Img/img039-013.png,c
Img/img041-026.png,e
Img/img040-034.png,d
Img/img026-019.png,P
Img/img011-003.png,A
Img/img058-035.png,v
Img/img005-003.png,4
Img/img037-049.png,a
Img/img020-052.png,J
Img/img054-042.png,r
Img/img001-009.png,0
Img/img036-002.png,Z
Img/img006-042.png,5
Img/img025-009.png,O
Img/img008-043.png,7
Img/img047-026.png,k
Img/img002-051.png,1
Img/img033-052.png,W
Img/img003-033.png,2
Img/img003-012.png,2
Img/img059-037.png,w
Img/img060-013.png,x
Img/img022-035.png,L
Img/img041-051.png,e
Img/img054-044.png,r
Img/img058-016.png,v
Img/img003-006.png,2
Img/img034-023.png,X
Img/img031-010.png,U
Img/img051-040.png,o
Img/img058-049.png,v
Img/img061-052.png,y
Img/img045-012.png,i
Img/img046-038.png,j
Img/img013-013.png,C
Img/img035-004.png,Y
Img/img021-010.png,K
Img/img036-053.png,Z
Img/img011-042.png,A
Img/img035-047.png,Y
Img/img034-018.png,X
Img/img017-009.png,G
Img/img048-040.png,l
Img/img033-034.png,W
Img/img029-037.png,S
Img/img041-024.png,e
Img/img004-049.png,3
Img/img015-009.png,E
Img/img060-029.png,x
Img/img027-019.png,Q
Img/img039-019.png,c
Img/img015-031.png,E
Img/img052-011.png,p
Img/img040-045.png,d
Img/img042-030.png,f
Img/img029-028.png,S
Img/img048-015.png,l
Img/img056-006.png,t
Img/img028-034.png,R
Img/img036-049.png,Z
Img/img057-005.png,u
Img/img025-024.png,O
Img/img005-054.png,4
Img/img002-017.png,1
Img/img014-006.png,D
Img/img020-043.png,J
Img/img008-010.png,7
Img/img011-034.png,A
Img/img037-012.png,a
Img/img042-041.png,f
Img/img042-048.png,f
Img/img010-006.png,9
Img/img043-006.png,g
Img/img047-004.png,k
Img/img062-031.png,z
Img/img057-039.png,u
Img/img056-043.png,t
Img/img023-050.png,M
Img/img043-021.png,g
Img/img040-011.png,d
Img/img004-041.png,3
Img/img014-019.png,D
Img/img058-009.png,v
Img/img010-032.png,9
Img/img051-023.png,o
Img/img049-023.png,m
Img/img017-019.png,G
Img/img007-048.png,6
Img/img029-020.png,S
Img/img040-004.png,d
Img/img056-026.png,t
Img/img047-042.png,k
Img/img008-002.png,7
Img/img004-034.png,3
Img/img061-036.png,y
Img/img020-006.png,J
Img/img011-041.png,A
Img/img010-025.png,9
Img/img042-050.png,f
Img/img030-034.png,T
Img/img051-012.png,o
Img/img046-007.png,j
Img/img008-045.png,7
Img/img020-039.png,J
Img/img037-036.png,a
Img/img032-038.png,V
Img/img004-043.png,3
Img/img009-052.png,8
Img/img032-050.png,V
Img/img047-025.png,k
Img/img061-012.png,y
Img/img015-023.png,E
Img/img052-025.png,p
Img/img022-032.png,L
Img/img022-031.png,L
Img/img029-011.png,S
Img/img040-050.png,d
Img/img033-006.png,W
Img/img047-013.png,k
Img/img028-046.png,R
Img/img026-036.png,P
Img/img027-047.png,Q
Img/img050-017.png,n
Img/img002-029.png,1
Img/img049-052.png,m
Img/img047-007.png,k
Img/img001-021.png,0
Img/img033-046.png,W
Img/img030-033.png,T
Img/img044-051.png,h
Img/img044-049.png,h
Img/img026-031.png,P
Img/img042-017.png,f
Img/img032-026.png,V
Img/img029-023.png,S
Img/img062-044.png,z
Img/img056-039.png,t
Img/img042-016.png,f
Img/img018-039.png,H
Img/img032-006.png,V
Img/img058-041.png,v
Img/img017-004.png,G
Img/img020-054.png,J
Img/img003-047.png,2
Img/img048-008.png,l
Img/img017-007.png,G
Img/img062-053.png,z
Img/img038-029.png,b
Img/img028-028.png,R
Img/img052-009.png,p
Img/img036-030.png,Z
Img/img062-009.png,z
Img/img041-007.png,e
Img/img042-020.png,f
Img/img027-024.png,Q
Img/img028-021.png,R
Img/img039-002.png,c
Img/img055-046.png,s
Img/img009-019.png,8
Img/img041-046.png,e
Img/img002-024.png,1
Img/img061-014.png,y
Img/img044-005.png,h
Img/img020-012.png,J
Img/img017-027.png,G
Img/img038-010.png,b
Img/img056-016.png,t
Img/img056-042.png,t
Img/img007-051.png,6
Img/img018-013.png,H
Img/img061-046.png,y
Img/img042-035.png,f
Img/img050-019.png,n
Img/img014-001.png,D
Img/img059-052.png,w
Img/img013-027.png,C
Img/img054-003.png,r
Img/img024-029.png,N
Img/img006-031.png,5
Img/img004-045.png,3
Img/img036-013.png,Z
Img/img047-002.png,k
Img/img062-027.png,z
Img/img037-032.png,a
Img/img017-006.png,G
Img/img038-052.png,b
Img/img017-038.png,G
Img/img055-018.png,s
Img/img040-040.png,d
Img/img004-027.png,3
Img/img058-055.png,v
Img/img043-011.png,g
Img/img024-001.png,N
Img/img009-044.png,8
Img/img017-036.png,G
Img/img054-043.png,r
Img/img006-003.png,5
Img/img018-054.png,H
Img/img062-011.png,z
Img/img023-036.png,M
Img/img052-048.png,p
Img/img011-022.png,A
Img/img027-006.png,Q
Img/img019-004.png,I
Img/img043-046.png,g
Img/img034-015.png,X
Img/img011-036.png,A
Img/img061-043.png,y
Img/img008-029.png,7
Img/img062-047.png,z
Img/img025-030.png,O
Img/img019-018.png,I
Img/img013-015.png,C
Img/img048-010.png,l
Img/img016-031.png,F
Img/img009-008.png,8
Img/img054-054.png,r
Img/img016-041.png,F
Img/img045-050.png,i
Img/img047-045.png,k
Img/img056-019.png,t
Img/img050-014.png,n
Img/img062-024.png,z
Img/img034-045.png,X
Img/img056-015.png,t
Img/img061-050.png,y
Img/img023-038.png,M
Img/img006-020.png,5
Img/img029-008.png,S
Img/img011-039.png,A
Img/img032-037.png,V
Img/img024-017.png,N
Img/img034-047.png,X
Img/img056-017.png,t
Img/img048-045.png,l
Img/img037-039.png,a
Img/img059-040.png,w
Img/img034-052.png,X
Img/img061-002.png,y
Img/img026-043.png,P
Img/img008-041.png,7
Img/img010-040.png,9
Img/img020-010.png,J
Img/img047-050.png,k
Img/img052-039.png,p
Img/img043-023.png,g
Img/img033-011.png,W
Img/img003-023.png,2
Img/img001-007.png,0
Img/img058-024.png,v
Img/img008-037.png,7
Img/img031-041.png,U
Img/img056-002.png,t
Img/img043-012.png,g
Img/img022-039.png,L
Img/img032-012.png,V
Img/img025-049.png,O
Img/img011-007.png,A
Img/img056-010.png,t
Img/img036-014.png,Z
Img/img057-002.png,u
Img/img056-023.png,t
Img/img058-002.png,v
Img/img011-021.png,A
Img/img007-023.png,6
Img/img002-037.png,1
Img/img045-002.png,i
Img/img053-018.png,q
Img/img022-016.png,L
Img/img045-006.png,i
Img/img024-021.png,N
Img/img039-043.png,c
Img/img040-013.png,d
Img/img035-046.png,Y
Img/img035-022.png,Y
Img/img029-052.png,S
Img/img036-003.png,Z
Img/img013-038.png,C
Img/img052-041.png,p
Img/img007-019.png,6
Img/img046-025.png,j
Img/img049-026.png,m
Img/img051-009.png,o
Img/img054-049.png,r
Img/img021-038.png,K
Img/img040-041.png,d
Img/img035-027.png,Y
Img/img059-036.png,w
Img/img059-020.png,w
Img/img032-007.png,V
Img/img025-020.png,O
Img/img052-021.png,p
Img/img009-014.png,8
Img/img017-034.png,G
Img/img042-043.png,f
Img/img022-045.png,L
Img/img024-010.png,N
Img/img041-027.png,e
Img/img001-038.png,0
Img/img018-040.png,H
Img/img058-019.png,v
Img/img018-049.png,H
Img/img023-040.png,M
Img/img042-045.png,f
Img/img026-044.png,P
Img/img024-020.png,N
Img/img029-021.png,S
Img/img001-040.png,0
Img/img028-002.png,R
Img/img040-037.png,d
Img/img004-005.png,3
Img/img025-036.png,O
Img/img014-023.png,D
Img/img037-050.png,a
Img/img056-046.png,t
Img/img031-023.png,U
Img/img029-025.png,S
Img/img041-050.png,e
Img/img012-030.png,B
Img/img055-045.png,s
Img/img042-005.png,f
Img/img030-046.png,T
Img/img024-026.png,N
Img/img049-017.png,m
Img/img026-006.png,P
Img/img011-030.png,A
Img/img006-054.png,5
Img/img043-032.png,g
Img/img017-013.png,G
Img/img021-044.png,K
Img/img015-011.png,E
Img/img039-040.png,c
Img/img003-050.png,2
Img/img037-043.png,a
Img/img057-022.png,u
Img/img049-004.png,m
Img/img002-007.png,1
Img/img016-025.png,F
Img/img045-010.png,i
Img/img060-045.png,x
Img/img028-029.png,R
Img/img045-021.png,i
Img/img030-002.png,T
Img/img033-017.png,W
Img/img035-044.png,Y
Img/img019-054.png,I
Img/img052-028.png,p
Img/img029-005.png,S
Img/img042-015.png,f
Img/img038-043.png,b
Img/img020-026.png,J
Img/img001-054.png,0
Img/img060-042.png,x
Img/img051-021.png,o
Img/img033-038.png,W
Img/img035-042.png,Y
Img/img005-039.png,4
Img/img010-011.png,9
Img/img014-038.png,D
Img/img057-034.png,u
Img/img004-053.png,3
Img/img015-055.png,E
Img/img037-008.png,a
Img/img062-052.png,z
Img/img048-005.png,l
Img/img026-015.png,P
Img/img052-037.png,p
Img/img024-002.png,N
Img/img051-049.png,o
Img/img039-049.png,c
Img/img030-004.png,T
Img/img057-009.png,u
Img/img043-025.png,g
Img/img030-013.png,T
Img/img029-055.png,S
Img/img015-002.png,E
Img/img059-002.png,w
Img/img058-005.png,v
Img/img022-022.png,L
Img/img056-030.png,t
Img/img034-054.png,X
Img/img020-041.png,J
Img/img043-024.png,g
Img/img037-025.png,a
Img/img025-006.png,O
Img/img044-054.png,h
Img/img038-011.png,b
Img/img015-037.png,E
Img/img039-007.png,c
Img/img026-029.png,P
Img/img039-029.png,c
Img/img039-030.png,c
Img/img062-001.png,z
Img/img039-051.png,c
Img/img022-009.png,L
Img/img018-029.png,H
Img/img061-001.png,y
Img/img035-043.png,Y
Img/img015-047.png,E
Img/img008-014.png,7
Img/img011-035.png,A
Img/img059-009.png,w
Img/img018-014.png,H
Img/img013-045.png,C
Img/img008-047.png,7
Img/img031-039.png,U
Img/img006-018.png,5
Img/img059-032.png,w
Img/img003-036.png,2
Img/img006-049.png,5
Img/img057-036.png,u
Img/img044-041.png,h
Img/img022-011.png,L
Img/img027-023.png,Q
Img/img001-003.png,0
Img/img032-008.png,V
Img/img037-034.png,a
Img/img011-027.png,A
Img/img048-034.png,l
Img/img007-010.png,6
Img/img026-008.png,P
Img/img061-053.png,y
Img/img017-046.png,G
Img/img005-046.png,4
Img/img007-047.png,6
Img/img049-025.png,m
Img/img033-012.png,W
Img/img027-034.png,Q
Img/img005-052.png,4
Img/img013-037.png,C
Img/img062-025.png,z
Img/img005-025.png,4
Img/img062-007.png,z
Img/img009-037.png,8
Img/img037-053.png,a
Img/img053-043.png,q
Img/img048-022.png,l
Img/img061-054.png,y
Img/img015-044.png,E
Img/img039-025.png,c
Img/img035-045.png,Y
Img/img053-024.png,q
Img/img062-002.png,z
Img/img033-045.png,W
Img/img045-055.png,i
Img/img005-031.png,4
Img/img010-051.png,9
Img/img014-024.png,D
Img/img006-036.png,5
Img/img021-032.png,K
Img/img027-020.png,Q
Img/img061-007.png,y
Img/img001-016.png,0
Img/img055-028.png,s
Img/img044-036.png,h
Img/img050-054.png,n
Img/img007-034.png,6
Img/img004-018.png,3
Img/img022-040.png,L
Img/img039-024.png,c
Img/img021-022.png,K
Img/img022-028.png,L
Img/img046-035.png,j
Img/img012-010.png,B
Img/img027-037.png,Q
Img/img008-017.png,7
Img/img017-055.png,G
Img/img042-006.png,f
Img/img057-026.png,u
Img/img014-012.png,D
Img/img016-002.png,F
Img/img028-037.png,R
Img/img003-027.png,2
Img/img012-024.png,B
Img/img007-005.png,6
Img/img008-006.png,7
Img/img048-043.png,l
Img/img034-003.png,X
Img/img056-045.png,t
Img/img013-051.png,C
Img/img019-050.png,I
Img/img041-041.png,e
Img/img054-038.png,r
Img/img029-022.png,S
Img/img058-003.png,v
Img/img053-003.png,q
Img/img021-013.png,K
Img/img023-014.png,M
Img/img042-028.png,f
Img/img028-024.png,R
Img/img032-046.png,V
Img/img056-032.png,t
Img/img007-009.png,6
Img/img004-051.png,3
Img/img025-022.png,O
Img/img052-052.png,p
Img/img059-004.png,w
Img/img041-013.png,e
Img/img047-024.png,k
Img/img057-008.png,u
Img/img002-047.png,1
Img/img045-034.png,i
Img/img004-007.png,3
Img/img002-053.png,1
Img/img044-034.png,h
Img/img062-040.png,z
Img/img058-017.png,v
Img/img042-031.png,f
Img/img040-027.png,d
Img/img043-014.png,g
Img/img042-038.png,f
Img/img047-037.png,k
Img/img049-020.png,m
Img/img054-014.png,r
Img/img019-051.png,I
Img/img039-031.png,c
Img/img028-040.png,R
Img/img058-006.png,v
Img/img009-042.png,8
Img/img058-043.png,v
Img/img046-054.png,j
Img/img033-003.png,W
Img/img051-053.png,o
Img/img053-030.png,q
Img/img043-055.png,g
Img/img043-026.png,g
Img/img008-021.png,7
Img/img014-043.png,D
Img/img061-009.png,y
Img/img002-043.png,1
Img/img025-014.png,O
Img/img050-018.png,n
Img/img058-052.png,v
Img/img041-049.png,e
Img/img038-024.png,b
Img/img044-038.png,h
Img/img003-039.png,2
Img/img001-029.png,0
Img/img043-028.png,g
Img/img041-052.png,e
Img/img013-033.png,C
Img/img026-012.png,P
Img/img034-031.png,X
Img/img043-031.png,g
Img/img030-005.png,T
Img/img013-042.png,C
Img/img032-004.png,V
Img/img009-015.png,8
Img/img038-006.png,b
Img/img044-025.png,h
Img/img012-005.png,B
Img/img004-003.png,3
Img/img014-016.png,D
Img/img045-043.png,i
Img/img056-031.png,t
Img/img058-047.png,v
Img/img030-028.png,T
Img/img011-038.png,A
Img/img026-027.png,P
Img/img031-051.png,U
Img/img046-019.png,j
Img/img060-018.png,x
Img/img026-005.png,P
Img/img038-055.png,b
Img/img045-046.png,i
Img/img040-051.png,d
Img/img051-020.png,o
Img/img009-002.png,8
Img/img038-017.png,b
Img/img024-037.png,N
Img/img053-028.png,q
Img/img024-040.png,N
Img/img005-017.png,4
Img/img010-026.png,9
Img/img014-021.png,D
Img/img055-051.png,s
Img/img039-017.png,c
Img/img011-043.png,A
Img/img024-039.png,N
Img/img026-013.png,P
Img/img045-033.png,i
Img/img051-030.png,o
Img/img062-055.png,z
Img/img017-025.png,G
Img/img053-033.png,q
Img/img024-015.png,N
Img/img050-032.png,n
Img/img060-027.png,x
Img/img052-022.png,p
Img/img057-030.png,u
Img/img050-010.png,n
Img/img013-047.png,C
Img/img055-037.png,s
Img/img014-031.png,D
Img/img036-015.png,Z
Img/img043-044.png,g
Img/img010-019.png,9
Img/img002-027.png,1
Img/img024-044.png,N
Img/img052-027.png,p
Img/img017-035.png,G
Img/img058-007.png,v
Img/img057-047.png,u
Img/img015-005.png,E
Img/img006-055.png,5
Img/img038-020.png,b
Img/img037-022.png,a
Img/img018-009.png,H
Img/img015-053.png,E
Img/img017-030.png,G
Img/img004-017.png,3
Img/img003-055.png,2
Img/img028-039.png,R
Img/img009-012.png,8
Img/img024-047.png,N
Img/img021-012.png,K
Img/img052-024.png,p
Img/img024-023.png,N
Img/img006-053.png,5
Img/img033-031.png,W
Img/img055-053.png,s
Img/img037-028.png,a
Img/img034-044.png,X
Img/img006-038.png,5
Img/img016-008.png,F
Img/img022-047.png,L
Img/img048-048.png,l
Img/img041-043.png,e
Img/img039-045.png,c
Img/img041-010.png,e
Img/img049-002.png,m
Img/img027-052.png,Q
Img/img015-008.png,E
Img/img015-030.png,E
Img/img001-055.png,0
Img/img035-051.png,Y
Img/img054-026.png,r
Img/img045-039.png,i
Img/img031-052.png,U
Img/img040-017.png,d
Img/img059-006.png,w
Img/img018-053.png,H
Img/img045-037.png,i
Img/img026-020.png,P
Img/img014-054.png,D
Img/img055-050.png,s
Img/img006-011.png,5
Img/img061-044.png,y
Img/img008-044.png,7
Img/img038-045.png,b
Img/img014-008.png,D
Img/img018-017.png,H
Img/img018-055.png,H
Img/img058-044.png,v
Img/img043-003.png,g
Img/img006-052.png,5
Img/img026-009.png,P
Img/img032-020.png,V
Img/img020-042.png,J
Img/img007-012.png,6
Img/img003-038.png,2
Img/img049-019.png,m
Img/img021-008.png,K
Img/img016-024.png,F
Img/img018-032.png,H
Img/img059-051.png,w
Img/img041-004.png,e
Img/img013-002.png,C
Img/img019-013.png,I
Img/img054-048.png,r
Img/img052-054.png,p
Img/img049-024.png,m
Img/img055-052.png,s
Img/img035-010.png,Y
Img/img059-017.png,w
Img/img022-049.png,L
Img/img037-011.png,a
Img/img001-025.png,0
Img/img059-010.png,w
Img/img042-055.png,f
Img/img055-019.png,s
Img/img054-055.png,r
Img/img016-051.png,F
Img/img060-040.png,x
Img/img018-004.png,H
Img/img052-042.png,p
Img/img062-023.png,z
Img/img008-001.png,7
Img/img048-027.png,l
Img/img052-043.png,p
Img/img046-031.png,j
Img/img042-037.png,f
Img/img044-016.png,h
Img/img018-002.png,H
Img/img054-020.png,r
Img/img061-025.png,y
Img/img025-013.png,O
Img/img036-010.png,Z
Img/img018-001.png,H
Img/img011-017.png,A
Img/img034-040.png,X
Img/img051-004.png,o
Img/img030-051.png,T
Img/img044-053.png,h
Img/img033-033.png,W
Img/img027-001.png,Q
Img/img048-055.png,l
Img/img019-024.png,I
Img/img036-004.png,Z
Img/img047-034.png,k
Img/img003-017.png,2
Img/img057-053.png,u
Img/img025-028.png,O
Img/img007-026.png,6
Img/img016-003.png,F
Img/img030-045.png,T
Img/img018-050.png,H
Img/img040-044.png,d
Img/img053-040.png,q
Img/img007-033.png,6
Img/img007-016.png,6
Img/img043-037.png,g
Img/img053-031.png,q
Img/img013-052.png,C
Img/img043-040.png,g
Img/img001-011.png,0
Img/img050-048.png,n
Img/img039-027.png,c
Img/img034-020.png,X
Img/img015-024.png,E
Img/img058-012.png,v
Img/img002-040.png,1
Img/img003-020.png,2
Img/img047-023.png,k
Img/img061-004.png,y
Img/img042-009.png,f
Img/img035-031.png,Y
Img/img046-022.png,j
Img/img050-024.png,n
Img/img036-008.png,Z
Img/img048-031.png,l
Img/img034-051.png,X
Img/img031-009.png,U
Img/img010-022.png,9
Img/img034-043.png,X
Img/img041-044.png,e
Img/img024-013.png,N
Img/img060-044.png,x
Img/img018-016.png,H
Img/img021-021.png,K
Img/img041-005.png,e
Img/img008-035.png,7
Img/img017-043.png,G
Img/img049-044.png,m
Img/img009-038.png,8
Img/img038-001.png,b
Img/img046-009.png,j
Img/img031-043.png,U
Img/img046-048.png,j
Img/img027-042.png,Q
Img/img022-048.png,L
Img/img031-020.png,U
Img/img058-025.png,v
Img/img036-046.png,Z
Img/img040-007.png,d
Img/img015-051.png,E
Img/img037-018.png,a
Img/img060-016.png,x
Img/img023-039.png,M
Img/img049-003.png,m
Img/img056-004.png,t
Img/img040-046.png,d
Img/img055-004.png,s
Img/img020-002.png,J
Img/img035-019.png,Y
Img/img012-011.png,B
Img/img024-054.png,N
Img/img060-035.png,x
Img/img061-017.png,y
Img/img039-047.png,c
Img/img051-042.png,o
Img/img033-013.png,W
Img/img061-055.png,y
Img/img003-022.png,2
Img/img002-023.png,1
Img/img038-018.png,b
Img/img014-010.png,D
Img/img024-050.png,N
Img/img034-037.png,X
Img/img061-022.png,y
Img/img055-047.png,s
Img/img052-017.png,p
Img/img025-053.png,O
Img/img034-041.png,X
Img/img024-055.png,N
Img/img060-022.png,x
Img/img046-001.png,j
Img/img007-046.png,6
Img/img035-039.png,Y
Img/img007-004.png,6
Img/img047-038.png,k
Img/img048-035.png,l
Img/img044-001.png,h
Img/img030-010.png,T
Img/img021-019.png,K
Img/img059-028.png,w
Img/img036-019.png,Z
Img/img047-048.png,k
Img/img044-012.png,h
Img/img057-027.png,u
Img/img025-023.png,O
Img/img006-046.png,5
Img/img030-025.png,T
Img/img051-026.png,o
Img/img038-026.png,b
Img/img041-020.png,e
Img/img031-024.png,U
Img/img036-018.png,Z
Img/img005-041.png,4
Img/img049-034.png,m
Img/img038-005.png,b
Img/img013-030.png,C
Img/img017-022.png,G
Img/img042-052.png,f
Img/img037-047.png,a
Img/img003-029.png,2
Img/img035-048.png,Y
Img/img034-014.png,X
Img/img029-034.png,S
Img/img006-045.png,5
Img/img012-049.png,B
Img/img039-048.png,c
Img/img060-048.png,x
Img/img011-009.png,A
Img/img040-043.png,d
Img/img003-003.png,2
Img/img010-037.png,9
Img/img005-005.png,4
Img/img014-009.png,D
Img/img051-006.png,o
Img/img054-008.png,r
Img/img027-004.png,Q
Img/img044-009.png,h
Img/img049-009.png,m
Img/img050-026.png,n
Img/img027-029.png,Q
Img/img056-048.png,t
Img/img016-022.png,F
Img/img004-029.png,3
Img/img027-035.png,Q
Img/img018-012.png,H
Img/img037-042.png,a
Img/img030-035.png,T
Img/img003-008.png,2
Img/img012-041.png,B
Img/img035-001.png,Y
Img/img001-004.png,0
Img/img002-020.png,1
Img/img032-051.png,V
Img/img009-028.png,8
Img/img001-006.png,0
Img/img023-037.png,M
Img/img017-040.png,G
Img/img005-009.png,4
Img/img020-019.png,J
Img/img005-023.png,4
Img/img048-011.png,l
Img/img022-006.png,L
Img/img052-051.png,p
Img/img047-018.png,k
Img/img028-042.png,R
Img/img030-011.png,T
Img/img058-036.png,v
Img/img062-030.png,z
Img/img049-007.png,m
Img/img053-034.png,q
Img/img037-010.png,a
Img/img049-032.png,m
Img/img043-053.png,g
Img/img036-051.png,Z
Img/img033-002.png,W
Img/img024-041.png,N
Img/img029-002.png,S
Img/img045-053.png,i
Img/img012-018.png,B
Img/img048-047.png,l
Img/img028-009.png,R
Img/img003-001.png,2
Img/img042-021.png,f
Img/img047-051.png,k
Img/img022-015.png,L
Img/img051-043.png,o
Img/img005-013.png,4
Img/img002-012.png,1
Img/img056-055.png,t
Img/img038-038.png,b
Img/img040-048.png,d
Img/img010-042.png,9
Img/img003-016.png,2
Img/img039-044.png,c
Img/img023-045.png,M
Img/img052-015.png,p
Img/img036-052.png,Z
Img/img051-044.png,o
Img/img049-006.png,m
Img/img038-041.png,b
Img/img009-045.png,8
Img/img031-005.png,U
Img/img056-020.png,t
Img/img047-052.png,k
Img/img059-041.png,w
Img/img033-015.png,W
Img/img044-046.png,h
Img/img017-039.png,G
Img/img030-052.png,T
Img/img019-037.png,I
Img/img019-041.png,I
Img/img017-003.png,G
Img/img025-016.png,O
Img/img059-053.png,w
Img/img007-035.png,6
Img/img039-036.png,c
Img/img001-028.png,0
Img/img009-034.png,8
Img/img010-031.png,9
Img/img014-011.png,D
Img/img002-001.png,1
Img/img012-034.png,B
Img/img006-028.png,5
Img/img054-053.png,r
Img/img024-012.png,N
Img/img058-053.png,v
Img/img012-020.png,B
Img/img038-021.png,b
Img/img024-016.png,N
Img/img020-005.png,J
Img/img007-007.png,6
Img/img001-048.png,0
Img/img002-052.png,1
Img/img044-033.png,h
Img/img020-035.png,J
Img/img042-032.png,f
Img/img042-007.png,f
Img/img021-045.png,K
Img/img050-015.png,n
Img/img042-042.png,f
Img/img034-022.png,X
Img/img032-049.png,V
Img/img021-002.png,K
Img/img036-044.png,Z
Img/img057-041.png,u
Img/img010-029.png,9
Img/img042-026.png,f
Img/img026-054.png,P
Img/img054-052.png,r
Img/img011-054.png,A
Img/img028-005.png,R
Img/img049-031.png,m
Img/img002-006.png,1
Img/img057-048.png,u
Img/img013-012.png,C
Img/img002-038.png,1
Img/img013-007.png,C
Img/img035-018.png,Y
Img/img006-006.png,5
Img/img032-015.png,V
Img/img007-030.png,6
Img/img017-020.png,G
Img/img036-011.png,Z
Img/img037-015.png,a
Img/img048-046.png,l
Img/img014-046.png,D
Img/img040-014.png,d
Img/img055-014.png,s
Img/img001-043.png,0
Img/img040-029.png,d
Img/img004-040.png,3
Img/img027-044.png,Q
Img/img039-011.png,c
Img/img002-014.png,1
Img/img035-006.png,Y
Img/img055-016.png,s
Img/img041-032.png,e
Img/img003-028.png,2
Img/img015-027.png,E
Img/img040-036.png,d
Img/img039-039.png,c
Img/img014-044.png,D
Img/img010-047.png,9
Img/img019-030.png,I
Img/img048-021.png,l
Img/img004-001.png,3
Img/img005-029.png,4
Img/img025-012.png,O
Img/img037-038.png,a
Img/img009-007.png,8
Img/img046-008.png,j
Img/img025-039.png,O
Img/img040-001.png,d
Img/img025-010.png,O
Img/img061-010.png,y
Img/img040-006.png,d
Img/img008-050.png,7
Img/img039-033.png,c
Img/img011-028.png,A
Img/img050-020.png,n
Img/img060-031.png,x
Img/img045-029.png,i
Img/img034-034.png,X
Img/img014-048.png,D
Img/img008-004.png,7
Img/img005-016.png,4
Img/img054-050.png,r
Img/img037-005.png,a
Img/img005-048.png,4
Img/img015-001.png,E
Img/img040-021.png,d
Img/img008-053.png,7
Img/img013-014.png,C
Img/img005-030.png,4
Img/img041-002.png,e
Img/img029-035.png,S
Img/img039-053.png,c
Img/img038-047.png,b
Img/img055-009.png,s
Img/img054-006.png,r
Img/img057-038.png,u
Img/img009-009.png,8
Img/img027-040.png,Q
Img/img014-002.png,D
Img/img050-028.png,n
Img/img055-005.png,s
Img/img038-014.png,b
Img/img035-032.png,Y
Img/img052-031.png,p
Img/img022-014.png,L
Img/img002-028.png,1
Img/img051-001.png,o
Img/img027-031.png,Q
Img/img035-024.png,Y
Img/img031-019.png,U
Img/img037-021.png,a
Img/img009-036.png,8
Img/img010-023.png,9
Img/img008-020.png,7
Img/img007-055.png,6
Img/img051-011.png,o
Img/img040-008.png,d
Img/img030-039.png,T
Img/img060-006.png,x
Img/img013-029.png,C
Img/img023-031.png,M
Img/img002-008.png,1
Img/img016-028.png,F
Img/img057-050.png,u
Img/img058-014.png,v
Img/img023-053.png,M
Img/img005-004.png,4
Img/img040-049.png,d
Img/img007-044.png,6
Img/img034-010.png,X
Img/img053-022.png,q
Img/img060-017.png,x
Img/img054-041.png,r
Img/img056-029.png,t
Img/img001-010.png,0
Img/img046-023.png,j
Img/img036-020.png,Z
Img/img034-024.png,X
Img/img013-049.png,C
Img/img005-036.png,4
Img/img030-023.png,T
Img/img008-005.png,7
Img/img029-042.png,S
Img/img017-045.png,G
Img/img046-034.png,j
Img/img038-002.png,b
Img/img050-033.png,n
Img/img023-015.png,M
Img/img047-020.png,k
Img/img036-022.png,Z
Img/img014-025.png,D
Img/img001-041.png,0
Img/img016-044.png,F
Img/img010-045.png,9
Img/img052-046.png,p
Img/img025-052.png,O
Img/img021-046.png,K
Img/img019-042.png,I
Img/img007-043.png,6
Img/img013-008.png,C
Img/img007-028.png,6
Img/img018-033.png,H
Img/img025-034.png,O
Img/img019-046.png,I
Img/img009-031.png,8
Img/img054-035.png,r
Img/img026-022.png,P
Img/img055-012.png,s
Img/img029-010.png,S
Img/img023-047.png,M
Img/img039-005.png,c
Img/img029-016.png,S
Img/img054-029.png,r
Img/img023-041.png,M
Img/img031-050.png,U
Img/img023-043.png,M
Img/img058-032.png,v
Img/img002-025.png,1
Img/img022-018.png,L
Img/img015-045.png,E
Img/img034-038.png,X
Img/img041-021.png,e
Img/img050-025.png,n
Img/img055-021.png,s
Img/img039-016.png,c
Img/img003-024.png,2
Img/img021-041.png,K
Img/img017-054.png,G
Img/img017-049.png,G
Img/img015-054.png,E
Img/img028-047.png,R
Img/img023-005.png,M
Img/img010-010.png,9
Img/img062-016.png,z
Img/img044-031.png,h
Img/img037-017.png,a
Img/img045-015.png,i
Img/img036-034.png,Z
Img/img026-010.png,P
Img/img017-015.png,G
Img/img016-004.png,F
Img/img061-020.png,y
Img/img046-049.png,j
Img/img031-034.png,U
Img/img054-013.png,r
Img/img053-048.png,q
Img/img062-034.png,z
Img/img012-048.png,B
Img/img004-008.png,3
Img/img001-039.png,0
Img/img060-008.png,x
Img/img013-054.png,C
Img/img002-036.png,1
Img/img062-003.png,z
Img/img022-051.png,L
Img/img054-018.png,r
Img/img060-007.png,x
Img/img034-013.png,X
Img/img022-001.png,L
Img/img025-005.png,O
Img/img004-052.png,3
Img/img010-016.png,9
Img/img031-031.png,U
Img/img010-005.png,9
Img/img060-015.png,x
Img/img034-042.png,X
Img/img026-014.png,P
Img/img028-035.png,R
Img/img044-022.png,h
Img/img057-016.png,u
Img/img038-042.png,b
Img/img029-001.png,S
Img/img023-008.png,M
Img/img049-042.png,m
Img/img026-042.png,P
Img/img041-018.png,e
Img/img053-001.png,q
Img/img031-027.png,U
Img/img022-043.png,L
Img/img029-003.png,S
Img/img047-010.png,k
Img/img018-019.png,H
Img/img048-051.png,l
Img/img014-036.png,D
Img/img050-011.png,n
Img/img005-015.png,4
Img/img014-018.png,D
Img/img062-046.png,z
Img/img022-002.png,L
Img/img056-027.png,t
Img/img045-026.png,i
Img/img022-055.png,L
Img/img020-021.png,J
Img/img040-012.png,d
Img/img020-018.png,J
Img/img048-032.png,l
Img/img022-013.png,L
Img/img028-008.png,R
Img/img053-026.png,q
Img/img017-005.png,G
Img/img003-034.png,2
Img/img061-045.png,y
Img/img016-026.png,F
Img/img051-033.png,o
Img/img014-003.png,D
Img/img059-043.png,w
Img/img046-028.png,j
Img/img005-045.png,4
Img/img002-021.png,1
Img/img046-018.png,j
Img/img008-011.png,7
Img/img053-035.png,q
Img/img041-025.png,e
Img/img058-051.png,v
Img/img008-012.png,7
Img/img025-046.png,O
Img/img053-019.png,q
Img/img035-034.png,Y
Img/img011-046.png,A
Img/img039-020.png,c
Img/img024-032.png,N
Img/img034-007.png,X
Img/img016-048.png,F
Img/img061-011.png,y
Img/img043-017.png,g
Img/img029-009.png,S
Img/img001-037.png,0
Img/img050-016.png,n
Img/img055-023.png,s
Img/img039-054.png,c
Img/img053-046.png,q
Img/img018-043.png,H
Img/img029-032.png,S
Img/img021-023.png,K
Img/img051-037.png,o
Img/img041-040.png,e
Img/img046-030.png,j
Img/img035-023.png,Y
Img/img013-016.png,C
Img/img052-004.png,p
Img/img014-014.png,D
Img/img008-028.png,7
Img/img028-032.png,R
Img/img030-055.png,T
Img/img016-001.png,F
Img/img012-012.png,B
Img/img003-005.png,2
Img/img008-033.png,7
Img/img030-031.png,T
Img/img049-013.png,m
Img/img061-041.png,y
Img/img002-035.png,1
Img/img060-033.png,x
Img/img038-048.png,b
Img/img014-039.png,D
Img/img047-017.png,k
Img/img030-036.png,T
Img/img001-012.png,0
Img/img045-025.png,i
Img/img006-010.png,5
Img/img020-022.png,J
Img/img022-037.png,L
Img/img027-011.png,Q
Img/img059-001.png,w
Img/img058-054.png,v
Img/img050-044.png,n
Img/img057-003.png,u
Img/img029-029.png,S
Img/img045-008.png,i
Img/img050-043.png,n
Img/img054-016.png,r
Img/img031-038.png,U
Img/img016-027.png,F
Img/img041-008.png,e
Img/img017-016.png,G
Img/img010-002.png,9
Img/img042-051.png,f
Img/img033-023.png,W
Img/img007-006.png,6
Img/img052-035.png,p
Img/img010-021.png,9
Img/img025-029.png,O
Img/img019-026.png,I
Img/img052-012.png,p
Img/img059-008.png,w
Img/img059-003.png,w
Img/img052-005.png,p
Img/img054-010.png,r
Img/img033-022.png,W
Img/img047-040.png,k
Img/img033-026.png,W
Img/img038-036.png,b
Img/img007-027.png,6
Img/img059-054.png,w
Img/img024-048.png,N
Img/img030-041.png,T
Img/img011-001.png,A
Img/img044-024.png,h
Img/img046-005.png,j
Img/img046-047.png,j
Img/img042-011.png,f
Img/img023-018.png,M
Img/img056-024.png,t
Img/img018-023.png,H
Img/img033-014.png,W
Img/img039-052.png,c
Img/img019-019.png,I
Img/img020-048.png,J
Img/img056-018.png,t
Img/img050-050.png,n
Img/img019-007.png,I
Img/img031-030.png,U
Img/img003-044.png,2
Img/img058-034.png,v
Img/img053-049.png,q
Img/img052-033.png,p
Img/img011-031.png,A
Img/img027-041.png,Q
Img/img013-044.png,C
Img/img023-003.png,M
Img/img017-017.png,G
Img/img009-048.png,8
Img/img011-010.png,A
Img/img021-042.png,K
Img/img021-020.png,K
Img/img052-045.png,p
Img/img010-018.png,9
Img/img012-029.png,B
Img/img054-024.png,r
Img/img031-015.png,U
Img/img019-023.png,I
Img/img036-007.png,Z
Img/img021-051.png,K
Img/img052-034.png,p
Img/img059-005.png,w
Img/img003-007.png,2
Img/img014-026.png,D
Img/img058-010.png,v
Img/img036-050.png,Z
Img/img020-037.png,J
Img/img033-051.png,W
Img/img016-006.png,F
Img/img003-010.png,2
Img/img012-052.png,B
Img/img057-028.png,u
Img/img056-037.png,t
Img/img061-032.png,y
Img/img012-031.png,B
Img/img007-040.png,6
Img/img005-049.png,4
Img/img050-009.png,n
Img/img053-011.png,q
Img/img053-055.png,q
Img/img001-047.png,0
Img/img058-026.png,v
Img/img019-002.png,I
Img/img016-052.png,F
Img/img015-004.png,E
Img/img023-010.png,M
Img/img021-027.png,K
Img/img001-005.png,0
Img/img030-001.png,T
Img/img043-002.png,g
Img/img060-020.png,x
Img/img046-017.png,j
Img/img020-033.png,J
Img/img016-013.png,F
Img/img013-022.png,C
Img/img032-011.png,V
Img/img043-043.png,g
Img/img048-033.png,l
Img/img043-052.png,g
Img/img040-053.png,d
Img/img021-049.png,K
Img/img011-025.png,A
Img/img001-051.png,0
Img/img016-029.png,F
Img/img037-003.png,a
Img/img051-025.png,o
Img/img034-009.png,X
Img/img016-009.png,F
Img/img021-016.png,K
Img/img022-012.png,L
Img/img046-044.png,j
Img/img035-037.png,Y
Img/img018-037.png,H
Img/img050-007.png,n
Img/img008-015.png,7
Img/img047-030.png,k
Img/img044-004.png,h
Img/img001-020.png,0
Img/img013-025.png,C
Img/img001-036.png,0
Img/img054-036.png,r
Img/img059-029.png,w
Img/img053-016.png,q
Img/img010-030.png,9
Img/img045-036.png,i
Img/img017-041.png,G
Img/img034-027.png,X
Img/img035-021.png,Y
Img/img010-043.png,9
Img/img052-002.png,p
Img/img032-001.png,V
Img/img061-031.png,y
Img/img005-026.png,4
Img/img015-015.png,E
Img/img026-035.png,P
Img/img047-008.png,k
Img/img003-045.png,2
Img/img031-037.png,U
Img/img053-042.png,q
Img/img012-021.png,B
Img/img050-039.png,n
Img/img060-024.png,x
Img/img025-027.png,O
Img/img011-020.png,A
Img/img061-033.png,y
Img/img032-054.png,V
Img/img034-002.png,X
Img/img038-031.png,b
Img/img003-018.png,2
Img/img062-029.png,z
Img/img037-027.png,a
Img/img055-006.png,s
Img/img018-046.png,H
Img/img062-038.png,z
Img/img004-026.png,3
Img/img021-040.png,K
Img/img019-003.png,I
Img/img013-040.png,C
Img/img012-002.png,B
Img/img004-016.png,3
Img/img006-027.png,5
Img/img047-015.png,k
Img/img058-027.png,v
Img/img020-016.png,J
Img/img059-019.png,w
Img/img060-026.png,x
Img/img047-036.png,k
Img/img020-025.png,J
Img/img046-050.png,j
Img/img041-006.png,e
Img/img023-034.png,M
Img/img001-017.png,0
Img/img062-032.png,z
Img/img010-052.png,9
Img/img012-054.png,B
Img/img056-051.png,t
Img/img061-006.png,y
Img/img028-020.png,R
Img/img018-025.png,H
Img/img054-012.png,r
Img/img043-022.png,g
Img/img015-028.png,E
Img/img005-006.png,4
Img/img038-040.png,b
Img/img033-040.png,W
Img/img046-011.png,j
Img/img062-012.png,z
Img/img042-023.png,f
Img/img038-051.png,b
Img/img031-044.png,U
Img/img051-048.png,o
Img/img020-001.png,J
Img/img009-030.png,8
Img/img018-020.png,H
Img/img062-028.png,z
Img/img050-041.png,n
Img/img012-035.png,B
Img/img058-030.png,v
Img/img023-009.png,M
Img/img022-004.png,L
Img/img026-041.png,P
Img/img057-007.png,u
Img/img028-043.png,R
Img/img061-021.png,y
Img/img024-036.png,N
Img/img060-014.png,x
Img/img052-044.png,p
Img/img030-009.png,T
Img/img003-051.png,2
Img/img031-055.png,U
Img/img018-022.png,H
Img/img053-010.png,q
Img/img061-015.png,y
Img/img016-053.png,F
Img/img035-050.png,Y
Img/img054-047.png,r
Img/img035-015.png,Y
Img/img041-001.png,e
Img/img002-044.png,1
Img/img059-027.png,w
Img/img047-028.png,k
Img/img005-034.png,4
Img/img002-049.png,1
Img/img027-016.png,Q
Img/img027-014.png,Q
Img/img030-054.png,T
Img/img011-037.png,A
Img/img012-023.png,B
Img/img031-047.png,U
Img/img039-012.png,c
Img/img040-055.png,d
Img/img008-019.png,7
Img/img021-055.png,K
Img/img042-001.png,f
Img/img053-004.png,q
Img/img031-033.png,U
Img/img038-022.png,b
Img/img056-038.png,t
Img/img059-046.png,w
Img/img057-029.png,u
Img/img009-013.png,8
Img/img042-047.png,f
Img/img025-008.png,O
Img/img054-030.png,r
Img/img038-015.png,b
Img/img017-001.png,G
Img/img061-018.png,y
Img/img012-019.png,B
Img/img044-029.png,h
Img/img058-021.png,v
Img/img033-028.png,W
Img/img005-043.png,4
Img/img030-040.png,T
Img/img027-009.png,Q
Img/img040-054.png,d
Img/img036-045.png,Z
Img/img046-046.png,j
Img/img033-043.png,W
Img/img012-036.png,B
Img/img062-041.png,z
Img/img044-021.png,h
Img/img048-014.png,l
Img/img059-030.png,w
Img/img036-035.png,Z
Img/img055-007.png,s
Img/img009-049.png,8
Img/img034-029.png,X
Img/img032-030.png,V
Img/img053-052.png,q
Img/img003-037.png,2
Img/img028-050.png,R
Img/img037-007.png,a
Img/img025-050.png,O
Img/img045-031.png,i
Img/img061-037.png,y
Img/img055-033.png,s
Img/img052-007.png,p
Img/img012-055.png,B
Img/img033-035.png,W
Img/img046-037.png,j
Img/img004-022.png,3
Img/img021-048.png,K
Img/img012-004.png,B
Img/img040-047.png,d
Img/img051-050.png,o
Img/img036-006.png,Z
Img/img056-005.png,t
Img/img004-033.png,3
Img/img054-017.png,r
Img/img043-018.png,g
Img/img006-019.png,5
Img/img014-052.png,D
Img/img008-016.png,7
Img/img003-013.png,2
Img/img004-038.png,3
Img/img016-011.png,F
Img/img042-040.png,f
Img/img027-010.png,Q
Img/img032-029.png,V
Img/img031-046.png,U
Img/img061-028.png,y
Img/img032-003.png,V
Img/img061-013.png,y
Img/img021-054.png,K
Img/img031-012.png,U
Img/img045-013.png,i
Img/img032-055.png,V
Img/img016-030.png,F
Img/img029-050.png,S
Img/img042-013.png,f
Img/img012-037.png,B
Img/img001-002.png,0
Img/img040-016.png,d
Img/img013-039.png,C
Img/img061-038.png,y
Img/img055-030.png,s
Img/img030-042.png,T
Img/img058-050.png,v
Img/img024-027.png,N
Img/img060-003.png,x
Img/img046-015.png,j
Img/img028-036.png,R
Img/img034-039.png,X
Img/img021-037.png,K
Img/img060-052.png,x
Img/img030-037.png,T
Img/img037-019.png,a
Img/img013-004.png,C
Img/img013-024.png,C
Img/img023-048.png,M
Img/img006-043.png,5
Img/img012-044.png,B
Img/img027-005.png,Q
Img/img027-050.png,Q
Img/img013-050.png,C
Img/img024-018.png,N
Img/img033-009.png,W
Img/img018-038.png,H
Img/img049-036.png,m
Img/img049-041.png,m
Img/img024-042.png,N
Img/img026-026.png,P
Img/img026-034.png,P
Img/img041-038.png,e
Img/img028-012.png,R
Img/img038-004.png,b
Img/img028-045.png,R
Img/img031-014.png,U
Img/img025-035.png,O
Img/img061-024.png,y
Img/img061-047.png,y
Img/img030-049.png,T
Img/img020-007.png,J
Img/img015-026.png,E
Img/img049-054.png,m
Img/img056-036.png,t
Img/img030-003.png,T
Img/img048-020.png,l
Img/img050-035.png,n
Img/img048-041.png,l
Img/img034-005.png,X
Img/img058-023.png,v
Img/img032-018.png,V
Img/img022-029.png,L
Img/img047-043.png,k
Img/img020-015.png,J
Img/img010-046.png,9
Img/img031-029.png,U
Img/img051-047.png,o
Img/img060-041.png,x
Img/img047-003.png,k
Img/img032-053.png,V
Img/img035-054.png,Y
Img/img002-041.png,1
Img/img019-031.png,I
Img/img011-014.png,A
Img/img051-041.png,o
Img/img016-039.png,F
Img/img027-055.png,Q
Img/img054-025.png,r
Img/img035-012.png,Y
Img/img019-049.png,I
Img/img004-042.png,3
Img/img008-008.png,7
Img/img052-038.png,p
Img/img016-046.png,F
Img/img008-013.png,7
Img/img052-010.png,p
Img/img060-030.png,x
Img/img019-039.png,I
Img/img049-051.png,m
Img/img028-001.png,R
Img/img049-021.png,m
Img/img018-026.png,H
Img/img029-031.png,S
Img/img051-024.png,o
Img/img035-026.png,Y
Img/img050-037.png,n
Img/img040-002.png,d
Img/img015-035.png,E
Img/img032-047.png,V
Img/img045-035.png,i
Img/img010-008.png,9
Img/img057-040.png,u
Img/img057-025.png,u
Img/img055-008.png,s
Img/img015-010.png,E
Img/img034-049.png,X
Img/img004-036.png,3
Img/img040-038.png,d
Img/img057-020.png,u
Img/img038-054.png,b
Img/img056-041.png,t
Img/img042-024.png,f
Img/img033-037.png,W
Img/img007-049.png,6
Img/img043-027.png,g
Img/img008-034.png,7
Img/img031-049.png,U
Img/img008-007.png,7
Img/img049-001.png,m
Img/img028-038.png,R
Img/img022-008.png,L
Img/img057-055.png,u
Img/img028-011.png,R
Img/img050-001.png,n
Img/img037-048.png,a
Img/img021-053.png,K
Img/img025-048.png,O
Img/img047-039.png,k
Img/img002-010.png,1
Img/img038-028.png,b
Img/img022-026.png,L
Img/img057-033.png,u
Img/img009-053.png,8
Img/img007-050.png,6
Img/img041-036.png,e
Img/img014-049.png,D
Img/img042-010.png,f
Img/img015-022.png,E
Img/img020-032.png,J
Img/img016-054.png,F
Img/img007-008.png,6
Img/img051-018.png,o
Img/img043-034.png,g
Img/img019-027.png,I
Img/img024-011.png,N
Img/img009-016.png,8
Img/img015-046.png,E
Img/img043-008.png,g
Img/img019-006.png,I
Img/img037-002.png,a
Img/img004-037.png,3
Img/img003-052.png,2
Img/img029-040.png,S
Img/img051-028.png,o
Img/img045-030.png,i
Img/img013-043.png,C
Img/img028-016.png,R
Img/img021-030.png,K
Img/img048-029.png,l
Img/img019-032.png,I
Img/img056-049.png,t
Img/img029-046.png,S
Img/img036-031.png,Z
Img/img058-018.png,v
Img/img041-054.png,e
Img/img001-035.png,0
Img/img015-006.png,E
Img/img047-027.png,k
Img/img027-049.png,Q
Img/img055-034.png,s
Img/img026-016.png,P
Img/img039-050.png,c
Img/img025-044.png,O
Img/img054-031.png,r
Img/img048-028.png,l
Img/img052-020.png,p
Img/img038-007.png,b
Img/img005-022.png,4
Img/img038-027.png,b
Img/img043-054.png,g
Img/img011-051.png,A
Img/img045-016.png,i
Img/img024-033.png,N
Img/img041-015.png,e
Img/img053-029.png,q
Img/img038-034.png,b
Img/img012-042.png,B
Img/img059-013.png,w
Img/img028-044.png,R
Img/img053-020.png,q
Img/img024-003.png,N
Img/img035-030.png,Y
Img/img011-013.png,A
Img/img062-015.png,z
Img/img050-040.png,n
Img/img055-036.png,s
Img/img004-025.png,3
Img/img033-047.png,W
Img/img018-041.png,H
Img/img050-053.png,n
Img/img038-013.png,b
Img/img047-029.png,k
Img/img020-038.png,J
Img/img009-035.png,8
Img/img053-045.png,q
Img/img014-033.png,D
Img/img042-046.png,f
Img/img001-022.png,0
Img/img009-020.png,8
Img/img022-030.png,L
Img/img043-015.png,g
Img/img018-021.png,H
Img/img023-006.png,M
Img/img045-014.png,i
Img/img052-049.png,p
Img/img028-031.png,R
Img/img044-027.png,h
Img/img014-055.png,D
Img/img062-026.png,z
Img/img031-036.png,U
Img/img003-021.png,2
Img/img054-005.png,r
Img/img058-037.png,v
Img/img039-046.png,c
Img/img027-053.png,Q
Img/img007-001.png,6
Img/img023-029.png,M
Img/img009-027.png,8
Img/img040-025.png,d
Img/img030-044.png,T
Img/img057-013.png,u
Img/img020-051.png,J
Img/img021-031.png,K
Img/img024-030.png,N
Img/img016-036.png,F
Img/img058-040.png,v
